ACTIVITESPRINCIPAL;DESCR;SECTEURACTIVITES
ABATTAGE BETAIL;ABATTAGE BETAIL;Activités de fabrication
ACTIVITES ANNEXES DE L'AGRICULTURE;ACTIVITES ANNEXES DE L'AGRICULTURE;Agriculture, sylviculture et pêche
ACTIVITES MAL DESIGNEES;ACTIVITES MAL DESIGNEES;mal désigné
ADMINISTRATION PUBLIQUE ET DEFENSE NAT;ADMINISTRATION PUBLIQUE ET DEFENSE NAT;Administration publique et défense
AFFAIRES IMMOBILIERES;AFFAIRES IMMOBILIERES;Activités immobilières
AGENCE DE VOYAGE ET TOURISME;AGENCE DE VOYAGE ET TOURISME;Transport et entreposage
AGRICULTURE-ELEVAGE;AGRICULTURE-ELEVAGE;Agriculture, sylviculture et pêche
ASSOCIATION COMMERCIALE;ASSOCIATION COMMERCIALE;Activités professionnelles, scientifiques et techniques
ASSURANCES;ASSURANCES;Activités financières et d'assurances
AUTRES MINERAUX;AUTRES MINERAUX;Activités extractives
BATIMENT-CONSTRUTION-RAVALEMENT;BATIMENT-CONSTRUTION-RAVALEMENT;Construction
BIBLIOTHEQUES-MUSEES;BIBLIOTHEQUES-MUSEES;Arts, spectacles et loisirs
BLANCHISSERIE;BLANCHISSERIE;Autres activités de services
BOULANGERIE PATISSERIE;BOULANGERIE PATISSERIE;Activités de fabrication
CHARBON;CHARBON;Activités extractives
CHASSE ET PROTECTION DU GIBIER;CHASSE ET PROTECTION DU GIBIER;Agriculture, sylviculture et pêche
COMMERCE DE DETAIL;COMMERCE DE DETAIL;"Commerce de gros et de détail; réparations de véhicules automobiles et de motocycles"
COMMERCE DE DETAIL SANS LIVRAISON;COMMERCE DE DETAIL SANS LIVRAISON;Activités de fabrication
COMMERCE DE GROS ET 1/2 GROS;COMMERCE DE GROS ET 1/2 GROS;"Commerce de gros et de détail; réparations de véhicules automobiles et de motocycles"
COMMERCE HYDROCARBURE STATIONS;COMMERCE HYDROCARBURE STATIONS;"Commerce de gros et de détail; réparations de véhicules automobiles et de motocycles"
DISTRIBUTION PUBLIQUE;DISTRIBUTION PUBLIQUE;Production et distribution d'électricité, de gaz, de vapeur et climatisation
ELECTRICITE GAZ;ELECTRICITE GAZ;Production et distribution d'électricité, de gaz, de vapeur et climatisation
ENSEIGNEMENTS -FORMATION-PROFESSEUR;ENSEIGNEMENTS -FORMATION-PROFESSEUR;Éducation
ETABLISSEMENT SEMI-PUBLICS;ETABLISSEMENT SEMI-PUBLICS;Administration publique et défense
ETABLISSEMENTS FINANCIERS;ETABLISSEMENTS FINANCIERS;Activités financières et d'assurances
EXPLOITATION;EXPLOITATION;Agriculture, sylviculture et pêche
FABRICATION  DE FAIENCE PORCELAINE;FABRICATION  DE FAIENCE PORCELAINE;Activités de fabrication
FABRICATION DES OBJETS EN PLASTIQUE;FABRICATION DES OBJETS EN PLASTIQUE;Activités de fabrication
FABRICATION MACHINES ET APPAR ELECTRIQUES;FABRICATION MACHINES ET APPAR ELECTRIQUES;Activités de fabrication
FABRICATION MACHINES NON ELECTRIQUES;FABRICATION MACHINES NON ELECTRIQUES;Activités de fabrication
FABRICATION MATERIEL DE PRECISION;FABRICATION MATERIEL DE PRECISION;Activités de fabrication
FABRICATION MATERIEL DE TRANSPORT;FABRICATION MATERIEL DE TRANSPORT;Activités de fabrication
FABRICATION MATIERE PLASTIQUE (DERIVE PETROLE/CA;FABRICATION MATIERE PLASTIQUE (DERIVE PETROLE/CA;Activités extractives
FABRICATION MATIERES PREMIERES BATIMENTS;FABRICATION MATIERES PREMIERES BATIMENTS;Activités de fabrication
FABRICATION OUVRAGES METAUX SAUF MA§MA;FABRICATION OUVRAGES METAUX SAUF MA§MA;Activités de fabrication
FABRIQUE ARTICLES HABILLEMENT;FABRIQUE ARTICLES HABILLEMENT;Activités de fabrication
FABRIQUE DE BOISSON;FABRIQUE DE BOISSON;Activités de fabrication
FABRIQUE DE PAPIER;FABRIQUE DE PAPIER;Activités de fabrication
FABRIQUE EXPLOSIFS;FABRIQUE EXPLOSIFS;Activités de fabrication
FABRIQUES CHAUSSURES;FABRIQUES CHAUSSURES;Activités de fabrication
FILMS RECREATIFS;FILMS RECREATIFS;Arts, spectacles et loisirs
GARAGE AVEC REPARATION;GARAGE AVEC REPARATION;"Commerce de gros et de détail; réparations de véhicules automobiles et de motocycles"
GARAGE SANS REPARATION;GARAGE SANS REPARATION;Autres activités de services
GARDIENNAGE;GARDIENNAGE;Administration et activités d'appui administratif
HOTELS-RESTAURANTS-MEUBLES;HOTELS-RESTAURANTS-MEUBLES;Activités d'hébergement et de restauration
IMPRIMERIE EDITION;IMPRIMERIE EDITION;Activités de fabrication
INDUSTRIE;INDUSTRIE;Activités de fabrication
INDUSTRIE ARTICLE CUIR PLASTIQUE FOURRAGE CA;INDUSTRIE ARTICLE CUIR PLASTIQUE FOURRAGE CA;Activités de fabrication
INDUSTRIE BOIS;INDUSTRIE BOIS;Activités de fabrication
INDUSTRIE DE MEUBLES(EN BOIS);INDUSTRIE DE MEUBLES(EN BOIS);Activités de fabrication
INDUSTRIE DU CAOUTCHOUC;INDUSTRIE DU CAOUTCHOUC;Activités de fabrication
INDUSTRIE DU VERRE;INDUSTRIE DU VERRE;Activités de fabrication
INDUSTRIE TABAC ALLUMETTE;INDUSTRIE TABAC ALLUMETTE;Activités de fabrication
INDUSTRIES ALIMENTAIRES;INDUSTRIES ALIMENTAIRES;Activités de fabrication
INDUSTRIES CHIMIQUES CORPS GRAS;INDUSTRIES CHIMIQUES CORPS GRAS;Activités de fabrication
INDUSTRIES TEXTILES;INDUSTRIES TEXTILES;Activités de fabrication
INSDUTRIE ALIMENTAIRE INDUSTRIE FROID;INSDUTRIE ALIMENTAIRE INDUSTRIE FROID;Activités de fabrication
INSERTIONS PUBLICITAIRES, COMM;INSERTIONS PUBLICITAIRES, COMM;Information et communication
INSTITUTIONS SCIENTIFIQUES;INSTITUTIONS SCIENTIFIQUES;Activités professionnelles, scientifiques et techniques
LOCATIONS DE MACHINES ET DE MATERIELS;LOCATIONS DE MACHINES ET DE MATERIELS;Transport et entreposage
MANUTENTION PORTUAIRE MARITIME;MANUTENTION PORTUAIRE MARITIME;Transport et entreposage
MECANIQUE GENERALE;MECANIQUE GENERALE;Activités de fabrication
MINERAIS METALLIQUES;MINERAIS METALLIQUES;Activités extractives
OEUVRES SOCIALES;OEUVRES SOCIALES;Activités professionnelles, scientifiques et techniques
ORGANISATION INTERNATIONALES;ORGANISATION INTERNATIONALES;Activités des organisations et organismes extraterritoriaux
PECHE;PECHE;Agriculture, sylviculture et pêche
PETROLE BRUT ET GAZ NATUREL;PETROLE BRUT ET GAZ NATUREL;Production et distribution d'électricité, de gaz, de vapeur et climatisation
PHARMACIE AVEC OFFICINE;PHARMACIE AVEC OFFICINE;Santé et activités d'action sociale
PHARMACIE SANS OFFICINE;PHARMACIE SANS OFFICINE;Santé et activités d'action sociale
PROFESSIONS LIBERALES CONSEIL;PROFESSIONS LIBERALES CONSEIL;Activités professionnelles, scientifiques et techniques
RAFFINERIE DE PETROLE;RAFFINERIE DE PETROLE;Activités extractives
REPRESENTATION DIPLOMATIQUE ET CONSULAIRE;REPRESENTATION DIPLOMATIQUE ET CONSULAIRE;Activités des organisations et organismes extraterritoriaux
RESTAURANTS -BARS-DEBITS;RESTAURANTS -BARS-DEBITS;Activités d'hébergement et de restauration
SERVICE DOMESTQUE;SERVICE DOMESTQUE;Activités des ménages privés employant du personnel domestique
SERVICE PUBLIC;SERVICE PUBLIC;Administration et activités d'appui administratif
SERVICES AUX DE TRANSPORT;SERVICES AUX DE TRANSPORT;Transport et entreposage
SERVICES ENTRETIEN NETTOYAGE GARDIENNAGE;SERVICES ENTRETIEN NETTOYAGE GARDIENNAGE;Administration et activités d'appui administratif
SERVICES INFORMATIQUE;SERVICES INFORMATIQUE;Information et communication
SERVICES MAL DESIGNES;SERVICES MAL DESIGNES;Activité mal désignée
SERVICES MEDICAUX;SERVICES MEDICAUX;Santé et activités d'action sociale
SERVICES PERSONNES;SERVICES PERSONNES;Activités des ménages privés employant du personnel domestique
SERVICES SANITAIRES;SERVICES SANITAIRES;Santé et activités d'action sociale
SIDERURGIE(ACIER FONTE FER);SIDERURGIE(ACIER FONTE FER);Activités de fabrication
SOCIETE DE SERVICE ARTISANS;SOCIETE DE SERVICE ARTISANS;Activités de fabrication
SOCIETES D'INTERIM;SOCIETES D'INTERIM;Autres activités de services
SYLVICUTURE;SYLVICUTURE;Agriculture, sylviculture et pêche
TELECOMMUNICATIONS ET ACTIVITE;TELECOMMUNICATIONS ET ACTIVITE;Information et communication
TRANSITAIRES;TRANSITAIRES;Transport et entreposage
TRANSPORT PAR EAU;TRANSPORT PAR EAU;Transport et entreposage
TRANSPORTS AERIENS;TRANSPORTS AERIENS;Transport et entreposage
TRANSPORTS TERRESTRE;TRANSPORTS TERRESTRE;Transport et entreposage
TRAVAUX PUBLICS;TRAVAUX PUBLICS;Construction
