COMMUNEID;VILLEID;DESIGNATION;CODE
1;1;GOREE;11
2;1;PLATEAU;12
3;1;MEDINA;13
4;1;COLOBANE/FASS/GUEULE TAPEE;14
5;1;FANN/POINT E/ AMITIE;15
6;1;GRAND DAKAR;21
7;1;BISCUITERIE;22
8;1;HLM;23
9;1;HANN/ BEL AIR;24
10;1;SICAP LIBERTE;25
11;1;DIEUPPEUL DERKLE;26
12;1;OUAKAM;31
13;1;N?GOR;32
14;1;YOFF;33
15;1;CA.MERMOZ/ SACRE -COEUR;34
16;1;GRAND YOFF;41
17;1;PATTE D?OIE;42
18;1;PARCELLES ASSAINIES;43
19;1;CAMBERENE;44
36;3;COM. BARGNY;0
37;4;COM. SEBIKOTANE;0
38;5;COM. DIAMNIADIO;0
40;7;COM. SANGALKAM;0
41;8;COM. SENDOU;0
42;9;YENE;1
43;9;BAMBYLOR;2
44;9;TIVAOUANE PEULH-NIAGHA;3
45;10;RUFISQUE CENTRE (NORD);11
46;10;RUFISQUE  EST;12
47;10;RUFISQUE OUEST;13
48;11;GOLF SUD;11
49;11;SAM  NOTAIRE;12
50;11;N?DIAREME LIMAMOULAYE;13
51;11;WAKHINANE NIMZATT;14
52;11;MEDINA GOUNASS;15
62;16;KARTHIACK;3
63;16;MANGAGOULACK;4
64;16;MLOMP;5
65;17;COUBALAN;1
66;17;NIAMONE;2
67;17;OUONCK;3
68;17;TENGHORY;4
69;18;DJINAKI;1
70;18;KAFOUNTINE;2
71;18;KATABA I;3
72;19;COM. OUSSOUYE;0
73;20;DJEMBERING;1
74;20;SANTHIABA MANJACQUE;2
75;21;MLOMP;1
76;21;OUKOUT;2
77;22;COM. ZIGUINCHOR;0
78;23;ADEANE;1
79;23;BOUTOUPA CAMAR;2
80;23;NIAGUIS;3
81;24;ENAMPORE;1
82;24;NYASSIA;2
83;25;COM. BAMBEY;0
84;26;BABA GARAGE;1
85;26;DINGUIRAYE;2
86;26;K. SAMBA KANE;3
87;27;GAWANE;1
88;27;LAMBAYE;2
89;27;N?GOGOM;3
90;27;REFANE;4
91;28;DANGALMA;1
92;28;N?DONDOL;2
93;28;N?GOYE;3
94;28;THIAKAR;4
95;29;COM. DIOURBEL;0
96;30;DANKH  SENE;1
97;30;GADE ESCALE;2
98;30;N?DINDY;3
99;30;KEUR N?GALGOU;4
100;30;TAIBA MOUTOUPHA;5
101;30;TOUBA LAPPE;6
102;30;N?DOULO;1
103;30;N?GOHE;2
104;30;PATAR;3
105;30;TOCKY GARE;4
106;30;TOURE M?BONDE;5
107;30;COM. M?BACKE;0
108;31;DENDEYE GOUYE GUI;1
109;31;DAROU SALAM  TYP;2
110;31;KAEL;3
111;31;MADINA;4
112;31;N?DIOUMANE  T. THIEKENE;5
113;31;TOUBA  M?BOUL;6
114;31;DAROU NAHIM;7
115;31;TAIBA TIECKENE;8
116;32;DALLA N?GABOU;1
117;32;MISSIRAH;2
118;32;N?GHAYE;3
119;32;TOUBA FALL;4
120;32;TOUBA MOSQUEE;5
121;33;SADIO;1
122;33;TA?F;2
123;34;COM. DAGANA;0
124;35;COM. RICHARD-TOLL;0
125;36;COM. ROSSO-SENEGAL;0
126;37;COM. ROSS-BETHIO;0
127;38;COM. GAE;0
128;39;COM. NDOMBO SANDJIRY;0
129;40;MBANE;1
130;40;BOKHOL;2
131;41;DIAMA;1
132;41;NGNITH;2
133;41;RONKH;3
134;42;COM. PODOR;0
135;43;COM. NDIOUM;0
136;44;COM. GOLLERE;0
137;45;COM. NDIANDANE;0
138;46;COM. BODE LAO;0
139;47;COM. DEMETTE;0
140;48;COM. GALOYA TOUCOULEUR;0
141;49;COM. GUEDE CHANTIER;0
142;50;COM. MBOUMBA;0
143;51;COM. AERE LAO;0
144;52;COM. PETE;0
145;53;COM. WALALDE;0
146;54;MEDINA NDIATHBE;1
147;54;DOUNGA-LAO;2
148;54;MERY;3
149;55;BOKE DIALLOUBE;1
150;55;MBOLO BIRANE;2
151;56;FANAYE;1
152;56;NDIAYENE PENDAO;2
153;57;DODEL;1
154;57;GAMADJI SARE;2
155;57;GUEDE VILLAGE;3
156;58;COM. SAINT LOUIS;0
157;59;COM. M?PAL;0
158;60;GANDON;1
159;60;FASS NGOM;2
160;60;N?DIEBENE GANDIOLE;3
161;60;NDIEBENE GANDIOLE;3
162;61;COM. BAKEL;0
163;62;COM. DIAWARA;0
164;63;COM .KIDIRA;0
165;64;GATHIARY;1
166;64;MADINA FOULBE;2
167;64;SADATOU;3
168;64;TOUMBOURA;4
169;65;BELE;1
170;65;SINTHIOU-FISSA;2
171;66;BALLOU;1
172;66;GABOU;2
173;66;MOUDERY;3
174;67;COM. TAMBACOUNDA;0
175;68;KOUSSANAR;1
176;68;SINTHIOU MALEM;2
177;69;MAKACOULIBATANG;1
178;69;N?DOGA BABACAR;2
179;69;NIANI TOUCOULEUR;3
180;70;DIALACOTO;1
181;70;MISSIRAH;2
182;70;NETTE BOULOU;3
183;71;COM. GOUDIRY;0
184;72;COM. KOTHIARY;0
185;73;BALA;1
186;73;GOUMBAYEL;2
187;73;KOAR;3
188;74;DOUGUE;1
189;74;BOYNGUEL BAMBA;2
190;74;KOUSSAN;3
191;74;SINTHIOU MAMADOU BOUBOU;4
192;75;BANI   ISRAEL;1
193;75;BOUTOUCOUFARA;2
194;75;DIANKE MAKHA;3
195;75;KOMOTI;4
196;76;KOULOR;1
197;76;SINTHIOU BOCAR ALI;2
198;77;COM. KOUMPENTOUM;0
199;78;COM. MALEM NIANI;0
200;79;BAMBA  THIALENE;1
201;79;KAHENE;2
202;79;MERETO;3
203;79;N?DAME;4
204;80;KOUTHIA GAYDI;1
205;80;KOUTHIABA WOLOF;2
206;80;PASS KOTO;3
207;80;PAYAR;4
208;81;COM. KAOLACK;0
209;82;COM. KAHONE;0
210;83;COM. GANDIAYE;0
211;84;COM. NDOFFANE;0
212;85;COM. SIBASSOR;0
213;86;KEUR SOCE;1
214;86;NDIAFFATE;2
215;86;NDIEDIENG;3
216;87;LATMINGUE;1
217;87;THIARE;2
218;87;KEUR BAKA;3
219;88;DYA;1
220;88;NDIEBEL;2
221;88;THIOMBY;3
222;89;COM. NIORO;0
223;90;COM. KEUR MADIABEL;0
224;91;KAYEMOR;1
225;91;MEDINA-SABAKH;2
226;91;NGAYENE;3
227;92;GAINTE KAYE;1
228;92;PAOSKOTO;2
229;92;POROKHANE;3
230;92;TA?BA NIASSENE;4
231;92;DABALY;5
232;92;DAROU SALAM;6
233;93;KEUR MABA DIAKHOU;1
234;93;NDRAME ESCALE;2
235;93;WACK NGOUNA;3
236;93;K. MANDONGO;4
237;94;COM. GUINGUINEO;0
238;95;COM. FASS;0
239;96;COM. MBOSS;0
240;97;MBADAKHOUNE;1
241;97;NDIAGO;2
242;97;NGATHIE NAOUDE;3
243;97;KHELCOM BIRAME;4
244;98;GAGNICK;1
245;98;NGUELOU;2
246;98;OUROUR;3
247;98;DARA MBOSS;4
248;98;PANAL OUOLOF;5
249;99;COM. JOAL- FADIOUTH;0
250;100;COM. M?BOUR;0
251;101;COM. GUEKOKH;0
252;102;COM. THIADIAYE;0
253;103;COM. N?GAPAROU;0
254;104;COM. POPOGUINE;0
255;105;COM. SALY PORTUDAL;0
256;106;COM. SOMONE;0
257;107;FISSEL;1
258;107;N?DIAGANIAO;2
259;108;N?GUENIENE;1
260;108;SANDIARA;2
261;108;SESSENE;3
262;109;MALICOUNDA;1
263;109;DIASS;2
264;109;SINDIA;3
265;110;COM. KHOMBOLE;0
266;111;COM. POUT;0
267;112;COM. CAYAR;0
268;113;NOTTO;1
269;113;TASSETTE;2
270;114;N?DIEYENE SIRAKH;1
271;114;N?GOUNDIANE;2
272;114;THIENABA;3
273;114;TOUBA TOUL;4
274;115;DIENDER GUEDJI;1
275;115;FANDENE;2
276;115;KEUR MOUSSA;3
277;116;THIES NORD;11
278;116;THIES EST;21
279;116;THIES OUEST;22
280;117;COM. MEKHE;0
281;118;COM. TIVAOUANE;0
282;119;COM. M?BORO;0
283;120;MEOUANE;1
284;120;TAIBA N?DIAYE;2
285;120;DAROU KHOUDOSS;3
286;121;KOUL;1
287;121;MERINA DAKHAR;2
288;121;PEKESSE;3
289;122;M?BAYENE;1
290;122;N?GANDIOUF;2
291;122;NIAKHENE;3
292;122;THILMAKHA;4
293;123;CHERIF LÖ;1
294;123;MONT- ROLLAND;2
295;123;NOTTO GOUYE DIAMA;3
296;123;PIRE GOUREYE;4
297;123;PAMBAL;5
298;124;COM. KEBEMER;0
299;125;COM. GUEOUL;0
300;126;DAROU MARNANE;1
301;126;DAROU MOUSTY;2
302;126;MBADIANE;3
303;126;NDOYENE;4
304;126;SAM YABAL;5
305;126;TOUBA MERINA;6
306;126;MBACKE CADIOR;7
307;127;BADEGNE OUOLOF;1
308;127;DIOKOUL DIAWRIGNE;2
309;127;KAB GAYE;3
310;127;NDANDE;4
311;127;THIEPPE;5
312;128;KANENE NDIOB;1
313;128;LORO;2
314;128;SAGATTA GUETH;3
315;128;THIOLOM FALL;4
316;128;NGOURANE OUOLOF;5
317;129;COM. LINGUERE;0
318;130;COM. DAHRA;0
319;131;COM. MBEULEUKHE;0
320;132;BARKEDJI;1
321;132;GASSANE;2
322;132;THIARGNY;3
323;132;THIEL;4
324;133;DODJI;1
325;133;LABGAR;2
326;133;OUARKHOH;3
327;134;KAMB;1
328;134;MBOULA;2
329;134;TESSEKRE FORAGE;3
330;134;YANG YANG;4
331;135;BOULAL;1
332;135;DEALI;2
333;135;SAGATTA DJOLOF;3
334;135;THIAMENE DJOLOF;4
335;135;AFFE DJOLOFF;5
336;136;COM. LOUGA;0
337;137;COM. NDIAGNE;0
338;138;COKI;1
339;138;PETE OUARACK;2
340;138;THIAMENE CAYOR;3
341;138;GUET ARDO;4
342;139;GANDE;1
343;139;K.MOMAR SARR;2
344;139;NGUER MALAL;3
345;139;SYER;4
346;140;KELLE GUEYE;1
347;140;MBEDIENE;2
348;140;NGUIDILE;3
349;140;NIOMRE;4
350;141;LEONA;1
351;141;NGUEUNE SARR;2
352;141;SAKAL;3
353;142;COM. FATICK;0
354;143;COM. DIOFIOR;0
355;144;COM. DIAKHAO;0
356;145;DIAOULE;1
357;145;MBELACADIAO;2
358;145;NDIOB;3
359;145;THIARE  NDIALGUI;4
360;146;FIMELA;1
361;146;LOUL-SESSENE;2
362;146;PALMARIN FACAO;3
363;146;DJILASSE;4
364;147;NGAYOKHEME;1
365;147;NIAKHAR;2
366;147;PATAR;3
367;148;DIARERE;1
368;148;DIOUROUP;2
369;148;TATTAGUINE;3
370;149;COM. FOUNDIOUGNE;0
371;150;COM. SOKONE;0
372;151;COM. PASSY;0
373;152;COM. KARANG POSTE;0
374;153;COM. SOUM;0
375;154;DJILOR;1
376;154;DIOSSONG;2
377;154;DIAGANE BARKA;3
378;154;MBAM;4
379;154;NIASSENE;5
380;155;BASSOUL;1
381;155;DIONEWAR;2
382;155;DJIRNDA;3
383;156;KEUR S.DIANE;1
384;156;KEUR  SAMBA GUEYE;2
385;156;NIORO ALASSANE TALL;3
386;156;TOUBACOUTA;4
387;157;COM. GOSSAS;0
388;158;COLOBANE;1
389;158;MBAR;2
390;159;NDIENE LAGANE;1
391;159;OUADIOUR;2
392;159;PATAR LIA;3
393;160;COM. KOLDA;0
394;161;COM. DABO;0
395;162;COM. SALIKEGNE;0
396;163;COM. SARE YOBA DIEGA;0
397;164;DIOULACOLON;1
398;164;MEDINA  EL HADJI;2
399;164;TANKANTO ESCALE;3
400;164;GUIRO YERO BOCAR;4
401;165;BAGADADJI;1
402;165;COUMBACARA;2
403;165;MAMPATIM;3
404;165;DIALAMBERE;4
405;165;MEDINA CHERIF;5
406;166;SARE BIDJI;1
407;166;THIETTY;2
408;167;COM. VELINGARA;0
409;168;COM. DIAOUBE- KABENDOU;0
410;169;COM. KOUNKANE;0
411;170;BONCONTO;1
412;170;LINKERING;2
413;170;MEDINA GOUNASS;3
414;170;SINTHIANG  KOUNDARA;4
415;171;OUASSADOU;1
416;171;PAROUMBA;2
417;171;PAKOUR;3
418;172;KANDIA;1
419;172;SARE COLY SALLE;2
420;172;NEMATABA;3
421;172;KANDIAYE;4
422;173;COM. MEDINA YORO FOULAH;0
423;174;COM. PATA;0
424;175;FAFACOUROU;1
425;175;BADION;2
426;176;NDORNA;1
427;176;BIGNARABE;2
428;176;BOUROUCO;3
429;176;KOULINTO;4
430;177;DINGUIRAYE;1
431;177;KEREWANE;2
432;177;NIAMING;3
433;178;COM .MATAM;0
434;179;COM. OUROSSOGUI;0
435;180;COM. THILOGNE;0
436;181;COM. NGUIDILOGNE;0
437;182;AGNAM-CIVOL;1
438;182;OREFONDE;2
439;182;DABIA;3
440;183;BOKIDIAWE;1
441;183;NABADJI-CIVOL;2
442;183;OGO;3
443;184;COM. KANEL;0
444;185;COM. SEMME;0
445;186;COM. WAOUNDE;0
446;187;COM. DEMBANCANE;0
447;188;COM. HAMADY OUNARE;0
448;189;COM. SINTHIOU BAMANBE-BANADJI;0
449;190;COM. ODOBERE;0
450;191;BOKILADJI;1
451;191;ORKADIERE;2
452;191;AOURE;3
453;192;NDENDORY;1
454;192;OURO SIDY;2
455;193;COM. RANEROU;0
456;194;LOUGRE-THIOLY;1
457;194;VELINGARA;2
458;194;OUDALAYE;3
459;195;COM. KAFFRINE;0
460;196;COM. N?GANDA;0
461;197;BOULEL;1
462;197;GNIBY;2
463;197;KAHI;3
464;198;DIOKOUL M?BELBOUCK;1
465;198;KATHIOTE;2
466;198;MEDINATOUL SALAM 2;3
467;198;DIAMAGADIO;4
468;199;COM .BIRKELANE;0
469;200;KEUR M?BOUKI;1
470;200;TOUBA M?BELLA;2
471;200;DIAMAL;3
472;201;MABO;1
473;201;N?DIOGNICK;2
474;201;MBEULEUP;3
475;201;SEGRE GATTA;4
476;202;COM. KOUNGHEUL;0
477;203;SALY ESCALE;1
478;203;FASS THIEKENE;2
479;203;IDA MOURIDE;3
480;204;LOUR ESCALE;1
481;204;RIBOT ESCALE;2
482;205;GAINTHE PATHE;1
483;205;MAKA YOP;2
484;205;MISSIRAH WADENE;3
485;206;COM. MALEM HODDAR;0
486;207;DAROU MINAM II;1
487;207;N?DIOUM  N?GAINTH;2
488;207;KHELCOM;3
489;207;NDIOBENE SAMBA LAMO;4
490;208;DIANKE SOUF;1
491;208;SAGNA;2
492;209;COM .KEDOUGOU;0
493;210;BANDAFASSI;1
494;210;TOMBORONKOTO;2
495;210;DINDIFELO;3
496;210;NINEFECHA;4
497;211;DIMBOLI;1
498;211;FONGOLEMBI;2
499;212;COM. SALEMATA;0
500;213;DAKATELI;1
501;213;KEVOYE;2
502;214;DAR SALAM;1
503;214;ETHIOLO;2
504;214;OUBADJI;3
505;215;COM. SARAYA;0
506;216;MEDINA BAFFE;1
507;216;BEMBOU;2
508;217;KHOSSANTO;1
509;217;MISSIRAH SIRIMANA;2
510;217;SABODALA;3
511;218;COM. SEDHIOU;0
512;219;COM. MARSASSOUM;0
513;220;COM. DIANAH MALARY;0
514;221;DIENDE;1
515;221;SAKAR;2
516;221;DIANNAH BA;3
517;221;KOUSSY;4
518;221;OUDOUCAR;5
519;221;SAMA KANTA PEULH;6
520;222;BENET- BIJINI;1
521;222;SANSAMBA;2
522;222;DJIBABOUYA;3
523;223;BAMBALI;1
524;223;DJIREDJI;2
525;224;COM. BOUNKILING;0
526;225;COM. MADINA WANDIFA;0
527;226;COM. NDIAMACOUTA;0
528;227;BOGHAL;1
529;227;TANKON;2
530;227;DJINANY;3
531;227;NDIAMALATHIEL;4
532;228;BONA;1
533;228;DIACOUNDA;2
534;228;INOR;3
535;228;KANDION MANGANA;4
536;229;DIAROUME;1
537;229;DIAMBATY;2
538;229;FAOUNE;3
539;230;COM. GOUDOMP;0
540;231;COM. DIATTACOUNDA;0
541;232;COM. SAMINE;0
542;233;COM. TANAFF;0
543;234;DJIBANAR;1
544;234;KAOUR;2
545;234;MANGAROUNGOU SANTO;3
546;234;SIMBADI BALANTE;4
547;234;YARANG BALANTE;5
548;235;KARANTABA;1
549;235;KOLIBANTANG;2
550;236;NIAGHA;1
551;236;SIMBANDI BRASSOU;2
552;236;BAGHERE;3
553;236;DIOUBOUDOU;4
