VILLEID;DESIGNATION;DEPARTEMENTID;CODE
1;VILLE DE DAKAR;1;301
2;VILLE DE PIKINE;2;301
3;COM. BARGNY;7;101
4;COM. SEBIKOTANE;7;102
5;COM. DIAMNIADIO;7;103
51;COM. AERE LAO;5;110
52;COM. PETE;5;111
53;COM. WALALDE;5;112
54;CAS-CAS;5;201
55;SALDE;5;202
56;THILLE BOUBACAR;5;203
57;GAMADJI SARE;5;204
58;COM. SAINT LOUIS;4;101
59;COM. M'PAL;4;102
60;RAO;4;201
61;COM. BAKEL;52;101
62;COM. DIAWARA;52;102
63;COM .KIDIRA;52;103
64;KENIEBA;52;201
65;BELE;52;202
66;MOUDERY;52;203
67;COM. TAMBACOUNDA;55;101
68;KOUSSANAR;55;201
69;MAKACOULIBANTANG;55;202
70;MISSIRAH;55;203
71;COM. GOUDIRY;53;101
72;COM. KOTHIARY;53;102
73;BALA;53;201
74;BOYNGUEL BAMBA;53;202
75;DIANKE MAKHA;53;203
76;KOULOR;53;204
77;COM. KOUMPENTOUM;54;101
78;COM. MALEM NIANI;54;102
79;BAMBA  THIALENE;54;201
80;KOUTHIABA WOLOF;54;202
81;COM. KAOLACK;32;101
82;COM. KAHONE;32;102
83;COM. GANDIAYE;32;103
84;COM. NDOFFANE;32;104
85;COM. SIBASSOR;32;105
86;NDIEDIENG;32;201
87;KOUMBAL;32;202
88;NGOTHIE;32;203
89;COM. NIORO;33;101
90;COM. KEUR MADIABEL;33;102
91;MEDINA-SABAKH;33;201
92;PAOSKOTO;33;202
93;WACK-NGOUNA;33;203
94;COM. GUINGUINEO;31;101
95;COM. FASS;31;102
96;COM. MBOSS;31;103
97;MBADAKHOUNE;31;201
98;NGUELOU;31;202
99;COM. JOAL- FADIOUTH;9;101
100;COM. M'BOUR;9;102
101;COM. GUEKOKH;9;103
102;COM. THIADIAYE;9;104
103;COM. N'GAPAROU;9;105
104;COM. POPOGUINE;9;106
105;COM. SALY PORTUDAL;9;107
106;COM. SOMONE;9;108
107;FISSEL;9;201
108;SESSENE;9;202
109;SINDIA;9;203
110;COM. KHOMBOLE;8;101
111;COM. POUT;8;102
112;COM. CAYAR;8;103
113;NOTTO;8;201
114;THIENABA;8;202
115;KEUR MOUSSA;8;203
116;VILLE DE THIES;8;301
117;COM. MEKHE;10;101
118;COM. TIVAOUANE;10;102
119;COM. M'BORO;10;103
120;MEOUANE;10;201
121;MERINA-DAKHAR;10;202
122;NIAKHENE;10;203
123;PAMBAL;10;204
124;COM. KEBEMER;40;101
125;COM. GUEOUL;40;102
126;DAROU MOUSTY;40;201
127;NDANDE;40;202
128;SAGATTA GUETH;40;203
129;COM. LINGUERE;41;101
130;COM. DAHRA;41;102
131;COM. MBEULEUKHE;41;103
132;BARKEDJI;41;201
133;DODJI;41;202
134;YANG YANG;41;203
135;SAGATTA DJOLOF;41;204
136;COM. LOUGA;42;101
137;COM. NDIAGNE;42;102
138;COKI;42;201
139;K EUR MOMAR SARR;42;202
140;MBEDIENE;42;203
141;SAKAL;42;204
142;COM. FATICK;24;101
143;COM. DIOFIOR;24;102
144;COM. DIAKHAO;24;103
145;NDIOB;24;201
146;FIMELA;24;202
147;NIAKHAR;24;203
148;TATTAGUINE;24;204
149;COM. FOUNDIOUGNE;25;101
150;COM. SOKONE;25;102
151;COM. PASSY;25;103
152;COM. KARANG POSTE;25;104
153;COM. SOUM;25;105
154;DJILOR;25;201
155;NIODIOR;25;202
156;TOUBACOUTA;25;203
157;COM. GOSSAS;26;101
158;COLOBANE;26;201
159;OUADIOUR;26;202
160;COM. KOLDA;37;101
161;COM. DABO;37;102
162;COM. SALIKEGNE;37;103
163;COM. SARE YOBA DIEGA;37;104
164;DIOULACOLON;37;201
165;MAMPATIM;37;202
166;SARE BIDJI;37;203
167;COM. VELINGARA;39;101
168;COM. DIAOUBE- KABENDOU;39;102
169;COM. KOUNKANE;39;103
170;BONCONTO;39;201
171;PAKOUR;39;202
172;SARE COLY SALLE;39;203
173;COM. MEDINA YORO FOULAH;38;101
174;COM. PATA;38;102
175;FAFACOUROU;38;201
176;AR.NDORNA;38;202
177;NIAMING;38;203
178;COM .MATAM;44;101
179;COM. OUROSSOGUI;44;102
180;COM. THILOGNE;44;103
181;COM. NGUIDILOGNE;44;104
182;AGNAM-CIVOL;44;201
183;OGO;44;202
184;COM. KANEL;43;101
185;COM. SEMME;43;102
186;COM. WAOUNDE;43;103
187;COM. DEMBANCANE;43;104
188;COM. HAMADY OUNARE;43;105
189;COM. SINTHIOU BAMANBE-BANADJI;43;106
190;COM. ODOBERE;43;107
191;ORKADIERE;43;201
192;OURO SIDY;43;202
193;COM. RANEROU;45;101
194;VELINGARA;45;201
195;COM. KAFFRINE;28;101
196;COM. N'GANDA;28;102
197;GNIBY;28;201
198;KATAKEL;28;202
199;COM .BIRKELANE;27;101
200;KEUR M'BOUKI;27;201
201;MABO;27;202
202;COM. KOUNGHEUL;29;101
203;IDA MOURIDE;29;201
204;LOUR ESCALE;29;202
205;MISSIRAH WADENE;29;203
206;COM. MALEM HODDAR;30;101
207;DAROU MINAM II;30;201
208;SAGNA;30;202
209;COM .KEDOUGOU;34;101
210;BANDAFASSI;34;201
211;FONGOLEMBI;34;202
212;COM. SALEMATA;35;101
213;DAKATELI;35;201
214;DAR  SALAM;35;202
215;COM. SARAYA;36;101
216;BEMBOU;36;201
217;SABODOLA;36;202
218;COM. SEDHIOU;51;101
219;COM. MARSASSOUM;51;102
220;COM. DIANAH MALARY;51;103
221;DIENDE;51;201
222;DJIBABOUYA;51;202
223;DJIREDJI;51;203
224;COM. BOUNKILING;49;101
225;COM. MADINA WANDIFA;49;102
226;COM. NDIAMACOUTA;49;103
227;BOGHAL;49;201
228;BONA;49;202
229;DIAROUME;49;203
230;COM. GOUDOMP;50;101
231;COM. DIATTACOUNDA;50;102
232;COM. SAMINE;50;103
233;COM. TANAFF;50;104
234;DJIBANAR;50;201
235;KARANTABA;50;202
236;SIMBANDI BRASSOU;50;203
