nom,prenom,matricule,date_naissance,type_piece,numero_piece
SAMB,Ndongo,1234,2019-01-01,cin,1234567890
Ndiaye,Moussa,4321,2019-01-01,cin,1234567890
SAMB,Ndongo,1234,2019-01-01,cin,1234567890
Ndiaye,Moussa,4321,2019-01-01,cin,1234567890
SAMB,Ndongo,1234,2019-01-01,cin,1234567890
Ndiaye,Moussa,4321,2019-01-01,cin,1234567890
SAMB,Ndongo,1234,2019-01-01,cin,1234567890
Ndiaye,Moussa,4321,2019-01-01,cin,1234567890
SAMB,Ndongo,1234,2019-01-01,cin,1234567890
Ndiaye,Moussa,4321,2019-01-01,cin,1234567890
SAMB,Ndongo,1234,2019-01-01,cin,1234567890
Ndiaye,Moussa,4321,2019-01-01,cin,1234567890
SAMB,Ndongo,1234,2019-01-01,cin,1234567890
Ndiaye,Moussa,4321,2019-01-01,cin,1234567890
SAMB,Ndongo,1234,2019-01-01,cin,1234567890
Ndiaye,Moussa,4321,2019-01-01,cin,1234567890